{
  "ok - passing": 6.110027537823301,
  "notOk - passing": 5.959771345238128,
  "true - passing": 5.54946090909094,
  "false - passing": 6.8418814678147,
  "equal - passing": 6.0204092111592304,
  "strictEqual - passing": 6.0337568759792575,
  "notStrictEqual - passing": 5.565639755419701,
  "deepEqual - flat object": 700.6485268292685,
  "deepEqual - nested object": 2160.570985294118,
  "propEqual - flat object": 1014.4723542372884,
  "propContains - subset": 902.1691242424243,
  "pushResult - passing": 5.2367081188533575,
  "step + verifySteps": 357.92420198675495,
  "throws - passing": 8626,
  "ModuleContext - creation": 249.34413838862562,
  "TestContext - creation": 60.40326384248211,
  "TestContext - finish (1 assertion, no expect)": 16.10386628131022,
  "TestContext - finish (expect matches)": 15.58484644078336,
  "objectType - number": 25.87969439011832,
  "objectType - string": 42.88398639455771,
  "objectType - null": 5.536659068790079,
  "objectType - plain object": 43.760294449262766,
  "objectType - array": 37.714597380239525,
  "objectType - Date": 169.47011009771992,
  "objectType - RegExp": 52.25991334022748,
  "objectValues - flat object (3 keys)": 130.1988675126902,
  "objectValues - nested object": 365.6411027210885,
  "objectValues - array (5 items)": 547.8996427184464,
  "objectValuesSubset - 2 of 4 keys": 93.61185827205891,
  "validateException - no expected (always passes)": 5.566466099621981,
  "validateException - regexp match": 646.0628517241379,
  "validateException - constructor (instanceof)": 49.20376923076929,
  "validateException - function validator": 62.090037132353004
}
