{
  "ok - passing": 6.142506527607359,
  "notOk - passing": 5.816404961654647,
  "true - passing": 5.674347251501757,
  "false - passing": 5.925370434370927,
  "equal - passing": 5.580115795340527,
  "strictEqual - passing": 6.511779422476568,
  "notStrictEqual - passing": 5.986966678626989,
  "deepEqual - flat object": 659.4692372093023,
  "deepEqual - nested object": 2105.8832911764707,
  "propEqual - flat object": 1109.5021160714284,
  "propContains - subset": 946.472106349206,
  "pushResult - passing": 5.225606951983281,
  "step + verifySteps": 422.2346209302327,
  "throws - passing": 8095,
  "ModuleContext - creation": 230.92994845814974,
  "TestContext - creation": 41.75561001655626,
  "TestContext - finish (1 assertion, no expect)": 16.284608636363636,
  "TestContext - finish (expect matches)": 14.86896867219918,
  "objectType - number": 33.916872641509414,
  "objectType - string": 48.67023526011556,
  "objectType - null": 5.652994184076761,
  "objectType - plain object": 54.6176299568966,
  "objectType - array": 53.785257614483456,
  "objectType - Date": 177.92004192439848,
  "objectType - RegExp": 58.335396313364086,
  "objectValues - flat object (3 keys)": 149.1157104347827,
  "objectValues - nested object": 357.03464370860945,
  "objectValues - array (5 items)": 542.3984621359224,
  "objectValuesSubset - 2 of 4 keys": 98.81284922480619,
  "validateException - no expected (always passes)": 4.96507528268201,
  "validateException - regexp match": 697.9167246913581,
  "validateException - constructor (instanceof)": 58.04522683486244,
  "validateException - function validator": 74.24479181286553
}
