{
  "ok - passing": 10.89773209474141,
  "notOk - passing": 10.662778139633891,
  "true - passing": 8.803674916564223,
  "false - passing": 10.213780656339171,
  "equal - passing": 10.745806670956652,
  "strictEqual - passing": 8.424105382674517,
  "notStrictEqual - passing": 8.080787679406564,
  "deepEqual - flat object": 1070.8331070175436,
  "deepEqual - nested object": 2648.866086206897,
  "propEqual - flat object": 1437.6736888888893,
  "propContains - subset": 1283.2253367346939,
  "pushResult - passing": 8.166170759947835,
  "step + verifySteps": 591.1819585106385,
  "throws - passing": 13256,
  "ModuleContext - creation": 249.90547809523787,
  "TestContext - creation": 39.12445263975157,
  "TestContext - finish (1 assertion, no expect)": 18.184224574121068,
  "TestContext - finish (expect matches)": 21.650369240724775,
  "objectType - number": 64.49724386189257,
  "objectType - string": 62.140769901719956,
  "objectType - null": 6.722305209452153,
  "objectType - plain object": 69.59011755829893,
  "objectType - array": 55.053180718954245,
  "objectType - Date": 247.88194360189578,
  "objectType - RegExp": 77.80503792048934,
  "objectValues - flat object (3 keys)": 181.87676701754378,
  "objectValues - nested object": 468.1259923076924,
  "objectValues - array (5 items)": 697.4258487804879,
  "objectValuesSubset - 2 of 4 keys": 114.32917477678579,
  "validateException - no expected (always passes)": 6.36317555922724,
  "validateException - regexp match": 770.9625067567569,
  "validateException - constructor (instanceof)": 61.316594794188816,
  "validateException - function validator": 71.58955957746478
}
