{
  "ok - passing": 6.236297981811386,
  "notOk - passing": 6.535435060697041,
  "true - passing": 6.661300997605747,
  "false - passing": 6.350141179454658,
  "equal - passing": 6.196067997070678,
  "strictEqual - passing": 6.33420374493925,
  "notStrictEqual - passing": 5.850437559892511,
  "deepEqual - flat object": 780.9833432432436,
  "deepEqual - nested object": 2011.1315514285716,
  "propEqual - flat object": 1039.6189396551727,
  "propContains - subset": 984.532086885246,
  "pushResult - passing": 5.912322484648094,
  "step + verifySteps": 401.7061214814813,
  "throws - passing": 8733,
  "ModuleContext - creation": 251.8587204761905,
  "TestContext - creation": 66.10306818774446,
  "TestContext - finish (1 assertion, no expect)": 17.07532110279104,
  "TestContext - finish (expect matches)": 16.250085255994794,
  "objectType - number": 26.85921939102567,
  "objectType - string": 42.037400249791865,
  "objectType - null": 5.75182961856616,
  "objectType - plain object": 46.34620991735542,
  "objectType - array": 39.00536573859249,
  "objectType - Date": 202.22607713178283,
  "objectType - RegExp": 54.15590770877939,
  "objectValues - flat object (3 keys)": 142.9341105555556,
  "objectValues - nested object": 374.39800486111136,
  "objectValues - array (5 items)": 551.7291554455447,
  "objectValuesSubset - 2 of 4 keys": 98.90479961240307,
  "validateException - no expected (always passes)": 5.688270738636359,
  "validateException - regexp match": 727.6158265822785,
  "validateException - constructor (instanceof)": 51.13598734817811,
  "validateException - function validator": 65.55773945666235
}
