{
  "ok - passing": 6.611635137990252,
  "notOk - passing": 6.898982637453467,
  "true - passing": 5.889685623529408,
  "false - passing": 6.479093878607468,
  "equal - passing": 6.641630388645689,
  "strictEqual - passing": 6.4816020455722105,
  "notStrictEqual - passing": 6.342346079797348,
  "deepEqual - flat object": 770.4493386666664,
  "deepEqual - nested object": 2124.5548176470584,
  "propEqual - flat object": 1114.6192124999998,
  "propContains - subset": 1038.4005724137933,
  "pushResult - passing": 5.896656177128726,
  "step + verifySteps": 418.0240199999998,
  "throws - passing": 8595,
  "ModuleContext - creation": 257.5392617647058,
  "TestContext - creation": 63.991438888888865,
  "TestContext - finish (1 assertion, no expect)": 16.935521100607698,
  "TestContext - finish (expect matches)": 16.265983209076147,
  "objectType - number": 28.096838938547435,
  "objectType - string": 43.43498561584847,
  "objectType - null": 5.587735796405855,
  "objectType - plain object": 47.47320780809032,
  "objectType - array": 39.16912045101085,
  "objectType - Date": 176.73828945578248,
  "objectType - RegExp": 51.53154026503563,
  "objectValues - flat object (3 keys)": 139.70816168478254,
  "objectValues - nested object": 371.55015517241384,
  "objectValues - array (5 items)": 581.48829,
  "objectValuesSubset - 2 of 4 keys": 99.9336143137255,
  "validateException - no expected (always passes)": 5.168223221476509,
  "validateException - regexp match": 683.3524690476194,
  "validateException - constructor (instanceof)": 51.654706134969345,
  "validateException - function validator": 58.61356208092489
}
