{
  "ok - passing": 6.165111059113284,
  "notOk - passing": 5.900010489098376,
  "true - passing": 5.788510811748383,
  "false - passing": 5.917516312056753,
  "equal - passing": 6.43346635826264,
  "strictEqual - passing": 6.24935649731619,
  "notStrictEqual - passing": 5.967647687723494,
  "deepEqual - flat object": 647.739905681818,
  "deepEqual - nested object": 1864.179643243243,
  "propEqual - flat object": 1046.6324137931033,
  "propContains - subset": 920.2405600000001,
  "pushResult - passing": 5.294343685212618,
  "step + verifySteps": 354.4536796052633,
  "throws - passing": 8103,
  "ModuleContext - creation": 235.4451594594596,
  "TestContext - creation": 58.889202441860434,
  "TestContext - finish (1 assertion, no expect)": 15.696865383411595,
  "TestContext - finish (expect matches)": 15.763875699465588,
  "objectType - number": 25.37727178192836,
  "objectType - string": 39.53258023529411,
  "objectType - null": 5.411151405405395,
  "objectType - plain object": 43.868928000000054,
  "objectType - array": 36.08528745519713,
  "objectType - Date": 185.50796857142876,
  "objectType - RegExp": 52.9068307853403,
  "objectValues - flat object (3 keys)": 132.59848294573655,
  "objectValues - nested object": 388.124570503597,
  "objectValues - array (5 items)": 538.677299029126,
  "objectValuesSubset - 2 of 4 keys": 91.46867181328551,
  "validateException - no expected (always passes)": 5.625873199235848,
  "validateException - regexp match": 671.7298752941174,
  "validateException - constructor (instanceof)": 52.738692909280495,
  "validateException - function validator": 59.62677420494699
}
