{
  "ok - passing": 6.029496832470185,
  "notOk - passing": 5.702970087709318,
  "true - passing": 5.87340579540123,
  "false - passing": 6.156479362931982,
  "equal - passing": 5.8177082500581,
  "strictEqual - passing": 5.787079521553225,
  "notStrictEqual - passing": 5.7612686579189685,
  "deepEqual - flat object": 686.0727011764709,
  "deepEqual - nested object": 1942.4214166666668,
  "propEqual - flat object": 990.3319786885248,
  "propContains - subset": 897.8972378787881,
  "pushResult - passing": 6.145633857107775,
  "step + verifySteps": 393.18429197080286,
  "throws - passing": 7944,
  "ModuleContext - creation": 243.7647734883721,
  "TestContext - creation": 58.93483201396974,
  "TestContext - finish (1 assertion, no expect)": 16.421331292962375,
  "TestContext - finish (expect matches)": 15.505453384853212,
  "objectType - number": 26.041969880767255,
  "objectType - string": 40.63460555555556,
  "objectType - null": 5.205150967138112,
  "objectType - plain object": 42.382258991596586,
  "objectType - array": 36.391401300578046,
  "objectType - Date": 174.81990673400682,
  "objectType - RegExp": 54.63471135135134,
  "objectValues - flat object (3 keys)": 131.67141773778917,
  "objectValues - nested object": 358.86901066666667,
  "objectValues - array (5 items)": 560.4915383838385,
  "objectValuesSubset - 2 of 4 keys": 90.40437588652475,
  "validateException - no expected (always passes)": 4.955329872315144,
  "validateException - regexp match": 674.4651214285715,
  "validateException - constructor (instanceof)": 52.552416320166415,
  "validateException - function validator": 59.55803223529414
}
