{
  "ok - passing": 5.673902980845515,
  "notOk - passing": 5.52501072847681,
  "true - passing": 5.538083117601504,
  "false - passing": 5.960671472794368,
  "equal - passing": 6.301965412208942,
  "strictEqual - passing": 6.267571149511616,
  "notStrictEqual - passing": 5.290560289609992,
  "deepEqual - flat object": 644.2598011363635,
  "deepEqual - nested object": 1924.4439351351348,
  "propEqual - flat object": 1040.119393103448,
  "propContains - subset": 968.9017158730157,
  "pushResult - passing": 5.813786074332194,
  "step + verifySteps": 386.8558726618705,
  "throws - passing": 8749.7756125,
  "ModuleContext - creation": 252.29163110047867,
  "TestContext - creation": 63.075748631840796,
  "TestContext - finish (1 assertion, no expect)": 15.976832611464959,
  "TestContext - finish (expect matches)": 15.254248570559566,
  "objectType - number": 24.92168676251858,
  "objectType - string": 40.935617370129926,
  "objectType - null": 5.222274835680732,
  "objectType - plain object": 43.41963855421692,
  "objectType - array": 38.178668433005264,
  "objectType - Date": 188.33911123188398,
  "objectType - RegExp": 51.7590194472876,
  "objectValues - flat object (3 keys)": 123.6833766826922,
  "objectValues - nested object": 373.78671666666673,
  "objectValues - array (5 items)": 531.1109104761906,
  "objectValuesSubset - 2 of 4 keys": 93.2210080438757,
  "validateException - no expected (always passes)": 5.534195831951339,
  "validateException - regexp match": 621.2854109890111,
  "validateException - constructor (instanceof)": 52.133772061855716,
  "validateException - function validator": 61.14633683574877
}
