{
  "ok - passing": 7.108855858156003,
  "notOk - passing": 7.026476480493958,
  "true - passing": 6.680132568684989,
  "false - passing": 7.4929163274468324,
  "equal - passing": 6.209926237439529,
  "strictEqual - passing": 5.975233850560964,
  "notStrictEqual - passing": 6.144815193912633,
  "deepEqual - flat object": 733.8950192307692,
  "deepEqual - nested object": 2222.5884235294116,
  "propEqual - flat object": 1059.3487741379306,
  "propContains - subset": 985.7866442622949,
  "pushResult - passing": 6.089317752918305,
  "step + verifySteps": 388.0689683453236,
  "throws - passing": 8872,
  "ModuleContext - creation": 253.75244396135258,
  "TestContext - creation": 68.56202000000002,
  "TestContext - finish (1 assertion, no expect)": 16.69478382695507,
  "TestContext - finish (expect matches)": 17.52246611945514,
  "objectType - number": 26.43805063091486,
  "objectType - string": 43.30237133047217,
  "objectType - null": 5.777406392799456,
  "objectType - plain object": 47.751287417218585,
  "objectType - array": 39.714485669291314,
  "objectType - Date": 189.62702481751813,
  "objectType - RegExp": 53.227949894736774,
  "objectValues - flat object (3 keys)": 141.59126887052346,
  "objectValues - nested object": 368.9111041095891,
  "objectValues - array (5 items)": 527.9451714285714,
  "objectValuesSubset - 2 of 4 keys": 101.86449083665337,
  "validateException - no expected (always passes)": 5.604085736677106,
  "validateException - regexp match": 721.4331645569619,
  "validateException - constructor (instanceof)": 52.12625195876291,
  "validateException - function validator": 63.200677652933784
}
