{
  "ok - passing": 6.789925376373272,
  "notOk - passing": 6.501346623376604,
  "true - passing": 6.386819068877579,
  "false - passing": 6.757700836933078,
  "equal - passing": 5.987173902643236,
  "strictEqual - passing": 5.983941052002431,
  "notStrictEqual - passing": 5.965085307435677,
  "deepEqual - flat object": 715.9517062500001,
  "deepEqual - nested object": 2016.6418685714286,
  "propEqual - flat object": 1077.5101333333334,
  "propContains - subset": 948.6947904761906,
  "pushResult - passing": 5.895125615357465,
  "step + verifySteps": 382.73222127659585,
  "throws - passing": 8208,
  "ModuleContext - creation": 268.8259387755103,
  "TestContext - creation": 64.3633515883101,
  "TestContext - finish (1 assertion, no expect)": 15.982908253664798,
  "TestContext - finish (expect matches)": 16.968881647689226,
  "objectType - number": 27.60097974753024,
  "objectType - string": 41.94677198669994,
  "objectType - null": 5.3936345975649385,
  "objectType - plain object": 46.319798073394495,
  "objectType - array": 39.64829819040127,
  "objectType - Date": 179.34045259515577,
  "objectType - RegExp": 56.61773557046979,
  "objectValues - flat object (3 keys)": 140.78312602739723,
  "objectValues - nested object": 363.26934459459466,
  "objectValues - array (5 items)": 530.5689495238095,
  "objectValuesSubset - 2 of 4 keys": 98.68853146718143,
  "validateException - no expected (always passes)": 5.077742325251092,
  "validateException - regexp match": 711.8799864197531,
  "validateException - constructor (instanceof)": 55.716210242290664,
  "validateException - function validator": 61.771070853658586
}
