{
  "ok - passing": 6.129594466886982,
  "notOk - passing": 6.0404146838802655,
  "true - passing": 5.801629899177177,
  "false - passing": 6.621825456228494,
  "equal - passing": 6.075202608590132,
  "strictEqual - passing": 5.50160176961969,
  "notStrictEqual - passing": 5.824091482429587,
  "deepEqual - flat object": 669.5180905882357,
  "deepEqual - nested object": 1958.9434861111108,
  "propEqual - flat object": 1029.0991966666668,
  "propContains - subset": 963.534335483871,
  "pushResult - passing": 6.096484472049707,
  "step + verifySteps": 347.53282207792194,
  "throws - passing": 8604.761925,
  "ModuleContext - creation": 230.3868811403508,
  "TestContext - creation": 62.653610383189076,
  "TestContext - finish (1 assertion, no expect)": 15.574039316770248,
  "TestContext - finish (expect matches)": 14.803338547815786,
  "objectType - number": 24.112693330134373,
  "objectType - string": 42.214372948073716,
  "objectType - null": 4.854136572592355,
  "objectType - plain object": 44.55072453662842,
  "objectType - array": 37.987958974359,
  "objectType - Date": 182.13546456140347,
  "objectType - RegExp": 54.01897083333337,
  "objectValues - flat object (3 keys)": 129.79462222222247,
  "objectValues - nested object": 365.4767163265307,
  "objectValues - array (5 items)": 512.1184842592592,
  "objectValuesSubset - 2 of 4 keys": 93.77733167587478,
  "validateException - no expected (always passes)": 5.261404014713594,
  "validateException - regexp match": 660.9328686046513,
  "validateException - constructor (instanceof)": 48.8107762548263,
  "validateException - function validator": 61.311713801452775
}
