{
  "ok - passing": 6.122285937882127,
  "notOk - passing": 6.052994656027081,
  "true - passing": 5.893691627414019,
  "false - passing": 5.552377309526456,
  "equal - passing": 6.067946223784695,
  "strictEqual - passing": 5.416006859987021,
  "notStrictEqual - passing": 5.483480087623222,
  "deepEqual - flat object": 718.5170962962962,
  "deepEqual - nested object": 2024.6826599999997,
  "propEqual - flat object": 1080.7499910714284,
  "propContains - subset": 1024.682773333333,
  "pushResult - passing": 5.657819905052545,
  "step + verifySteps": 407.4118619402984,
  "throws - passing": 8620,
  "ModuleContext - creation": 204.09858320312497,
  "TestContext - creation": 45.03426628010711,
  "TestContext - finish (1 assertion, no expect)": 16.970750253807086,
  "TestContext - finish (expect matches)": 15.684375773679301,
  "objectType - number": 36.452910065170144,
  "objectType - string": 51.122222345803905,
  "objectType - null": 5.467147286229134,
  "objectType - plain object": 55.7791819184124,
  "objectType - array": 46.39228097426468,
  "objectType - Date": 188.61341527272734,
  "objectType - RegExp": 60.643142703349355,
  "objectValues - flat object (3 keys)": 146.51978607954544,
  "objectValues - nested object": 403.55127537313405,
  "objectValues - array (5 items)": 568.6339551020407,
  "objectValuesSubset - 2 of 4 keys": 102.92081955645169,
  "validateException - no expected (always passes)": 5.627593457733817,
  "validateException - regexp match": 748.3865025641023,
  "validateException - constructor (instanceof)": 63.09276811955177,
  "validateException - function validator": 71.31606100981766
}
