{
  "ok - passing": 6.038901097840509,
  "notOk - passing": 5.731005163136816,
  "true - passing": 6.28649497676755,
  "false - passing": 5.734358632145719,
  "equal - passing": 5.822713516342897,
  "strictEqual - passing": 5.991645930093405,
  "notStrictEqual - passing": 5.347802777777759,
  "deepEqual - flat object": 717.2294841463414,
  "deepEqual - nested object": 2063.9078542857146,
  "propEqual - flat object": 1020.5690599999999,
  "propContains - subset": 895.2724636363637,
  "pushResult - passing": 5.063000799190695,
  "step + verifySteps": 368.5441616438356,
  "throws - passing": 8565.581682352942,
  "ModuleContext - creation": 192.25651111111105,
  "TestContext - creation": 40.68641622276029,
  "TestContext - finish (1 assertion, no expect)": 16.212384001292826,
  "TestContext - finish (expect matches)": 15.131645506634499,
  "objectType - number": 34.05309310344827,
  "objectType - string": 48.58347461538465,
  "objectType - null": 5.079164363267362,
  "objectType - plain object": 50.949254133064535,
  "objectType - array": 44.97227442067741,
  "objectType - Date": 170.68859835526317,
  "objectType - RegExp": 57.64847665148055,
  "objectValues - flat object (3 keys)": 140.4884863760218,
  "objectValues - nested object": 395.4475722627737,
  "objectValues - array (5 items)": 516.6742130841122,
  "objectValuesSubset - 2 of 4 keys": 92.02139294755882,
  "validateException - no expected (always passes)": 5.022798725539407,
  "validateException - regexp match": 635.6358516853929,
  "validateException - constructor (instanceof)": 62.9162913043479,
  "validateException - function validator": 71.44015682137842
}
