{
  "ok - passing": 6.324229506126059,
  "notOk - passing": 6.520523078926804,
  "true - passing": 6.032988637185208,
  "false - passing": 6.519979046750887,
  "equal - passing": 6.487790397823015,
  "strictEqual - passing": 6.271119428786152,
  "notStrictEqual - passing": 6.20482323507558,
  "deepEqual - flat object": 741.2252857142859,
  "deepEqual - nested object": 1973.805369444444,
  "propEqual - flat object": 1031.5147254237288,
  "propContains - subset": 980.9733344262296,
  "pushResult - passing": 5.787055775234113,
  "step + verifySteps": 390.1266833333332,
  "throws - passing": 8952,
  "ModuleContext - creation": 253.3099927884617,
  "TestContext - creation": 65.3250067010309,
  "TestContext - finish (1 assertion, no expect)": 16.73952048715382,
  "TestContext - finish (expect matches)": 16.34563434343439,
  "objectType - number": 27.10961601078164,
  "objectType - string": 43.10654227156279,
  "objectType - null": 5.6792674645491,
  "objectType - plain object": 48.25491673040159,
  "objectType - array": 38.522082352941254,
  "objectType - Date": 199.30780957854404,
  "objectType - RegExp": 54.91212649294248,
  "objectValues - flat object (3 keys)": 137.7423351206435,
  "objectValues - nested object": 374.40351944444427,
  "objectValues - array (5 items)": 520.0389933962264,
  "objectValuesSubset - 2 of 4 keys": 101.6881165338645,
  "validateException - no expected (always passes)": 5.596937272219101,
  "validateException - regexp match": 718.3800050632909,
  "validateException - constructor (instanceof)": 50.84011105527635,
  "validateException - function validator": 62.58662830655128
}
