{
  "ok - passing": 6.2046417647787955,
  "notOk - passing": 6.405543264679548,
  "true - passing": 6.06628252544838,
  "false - passing": 5.860971783163537,
  "equal - passing": 5.9574006545281435,
  "strictEqual - passing": 5.758724329920651,
  "notStrictEqual - passing": 5.90335439858491,
  "deepEqual - flat object": 721.0443772151895,
  "deepEqual - nested object": 1879.650667567567,
  "propEqual - flat object": 980.2277016393443,
  "propContains - subset": 947.8821781250003,
  "pushResult - passing": 5.305490779991512,
  "step + verifySteps": 358.51947933333355,
  "throws - passing": 7812,
  "ModuleContext - creation": 246.33205420560748,
  "TestContext - creation": 61.892935897435834,
  "TestContext - finish (1 assertion, no expect)": 16.33227049820903,
  "TestContext - finish (expect matches)": 15.646684061135387,
  "objectType - number": 25.902261978361654,
  "objectType - string": 43.344246563573876,
  "objectType - null": 5.244158034778982,
  "objectType - plain object": 44.12016634615393,
  "objectType - array": 34.48371958904109,
  "objectType - Date": 181.78026293706313,
  "objectType - RegExp": 53.34905896624479,
  "objectValues - flat object (3 keys)": 137.41660294117645,
  "objectValues - nested object": 363.77914391891875,
  "objectValues - array (5 items)": 524.9197942857144,
  "objectValuesSubset - 2 of 4 keys": 90.9490532142858,
  "validateException - no expected (always passes)": 5.512312806959597,
  "validateException - regexp match": 643.73395,
  "validateException - constructor (instanceof)": 50.78239447791161,
  "validateException - function validator": 60.856477163461506
}
