{
  "ok - passing": 5.892130037664796,
  "notOk - passing": 5.798915952270637,
  "true - passing": 5.600196230425088,
  "false - passing": 5.812561716209954,
  "equal - passing": 5.85943215498072,
  "strictEqual - passing": 5.586989922999669,
  "notStrictEqual - passing": 5.586522218502429,
  "deepEqual - flat object": 654.4824579545451,
  "deepEqual - nested object": 2060.721628571429,
  "propEqual - flat object": 969.0550467741933,
  "propContains - subset": 936.3349484374999,
  "pushResult - passing": 5.402275596330273,
  "step + verifySteps": 382.1857929078013,
  "throws - passing": 7731,
  "ModuleContext - creation": 250.39819380952378,
  "TestContext - creation": 65.33852500000008,
  "TestContext - finish (1 assertion, no expect)": 16.85927603361345,
  "TestContext - finish (expect matches)": 15.692473099781084,
  "objectType - number": 25.652073724489778,
  "objectType - string": 42.813576400679146,
  "objectType - null": 5.248844756711415,
  "objectType - plain object": 42.525663069139874,
  "objectType - array": 37.48313457249072,
  "objectType - Date": 185.45959857142856,
  "objectType - RegExp": 54.051223636363694,
  "objectValues - flat object (3 keys)": 137.78951126005373,
  "objectValues - nested object": 368.4438746575344,
  "objectValues - array (5 items)": 511.45767685185194,
  "objectValuesSubset - 2 of 4 keys": 93.57196422018355,
  "validateException - no expected (always passes)": 5.280437050321746,
  "validateException - regexp match": 627.8386211111113,
  "validateException - constructor (instanceof)": 49.33335146484382,
  "validateException - function validator": 61.00706554216864
}
